"Algorithm","Hash","Path"
"SHA256","33EFD9873452FF6FF5592B31098BBE3053170965F3C6E71D194E3921949C6613","C:\Users\nicol\Documents\Incident Response Toolkit PARENT\Incident Response Toolkit\runningProcesses.csv"
"SHA256","CB5A2D545AE8FEF6EAF8936FA77C930007ADFD03CC76EA0ACCB186DCDC93E4BD","C:\Users\nicol\Documents\Incident Response Toolkit PARENT\Incident Response Toolkit\services.csv"
"SHA256","774DCB608E350A3E4EB1963AE10F504BA539DB737971F6BAFE0661E7BC793B4B","C:\Users\nicol\Documents\Incident Response Toolkit PARENT\Incident Response Toolkit\TCPNetworkSockets.csv"
"SHA256","56DA22ED9516FDD739C1F864E1DA1E144B0546D119EF7DB9BF42BFEC74C3135C","C:\Users\nicol\Documents\Incident Response Toolkit PARENT\Incident Response Toolkit\UserAssountInfo.csv"
"SHA256","AEDF298E4793D8F6AF1F5C6BB29C1265353EFA5F53472FE3D4FB9F388A0691C9","C:\Users\nicol\Documents\Incident Response Toolkit PARENT\Incident Response Toolkit\NACInfo.csv"
"SHA256","A350513EEE516D21F5460637CFEDD045BDED7FEC858A2201121AF2A786BF9E92","C:\Users\nicol\Documents\Incident Response Toolkit PARENT\Incident Response Toolkit\LocalConfigSettings.csv"
"SHA256","35956E15A9C8E15D3463141394E0A9A5BBEADE6BA391C7F05276D5335807AE5C","C:\Users\nicol\Documents\Incident Response Toolkit PARENT\Incident Response Toolkit\VPN.csv"
"SHA256","BF2D7A9E6AED08CE0F3BEC183A7478E639814ED7C5EFDD603D80A84FDCFB627A","C:\Users\nicol\Documents\Incident Response Toolkit PARENT\Incident Response Toolkit\ComputerInfo.csv"
"SHA256","AEDF298E4793D8F6AF1F5C6BB29C1265353EFA5F53472FE3D4FB9F388A0691C9","C:\Users\nicol\Documents\Incident Response Toolkit PARENT\Incident Response Toolkit\DNS.csv"
