"PSComputerName","__GENUS","__CLASS","__SUPERCLASS","__DYNASTY","__RELPATH","__PROPERTY_COUNT","__DERIVATION","__SERVER","__NAMESPACE","__PATH","ArpAlwaysSourceRoute","ArpUseEtherSNAP","Caption","DatabasePath","DeadGWDetectEnabled","DefaultIPGateway","DefaultTOS","DefaultTTL","Description","DHCPEnabled","DHCPLeaseExpires","DHCPLeaseObtained","DHCPServer","DNSDomain","DNSDomainSuffixSearchOrder","DNSEnabledForWINSResolution","DNSHostName","DNSServerSearchOrder","DomainDNSRegistrationEnabled","ForwardBufferMemory","FullDNSRegistrationEnabled","GatewayCostMetric","IGMPLevel","Index","InterfaceIndex","IPAddress","IPConnectionMetric","IPEnabled","IPFilterSecurityEnabled","IPPortSecurityEnabled","IPSecPermitIPProtocols","IPSecPermitTCPPorts","IPSecPermitUDPPorts","IPSubnet","IPUseZeroBroadcast","IPXAddress","IPXEnabled","IPXFrameType","IPXMediaType","IPXNetworkNumber","IPXVirtualNetNumber","KeepAliveInterval","KeepAliveTime","MACAddress","MTU","NumForwardPackets","PMTUBHDetectEnabled","PMTUDiscoveryEnabled","ServiceName","SettingID","TcpipNetbiosOptions","TcpMaxConnectRetransmissions","TcpMaxDataRetransmissions","TcpNumConnections","TcpUseRFC1122UrgentPointer","TcpWindowSize","WINSEnableLMHostsLookup","WINSHostLookupFile","WINSPrimaryServer","WINSScopeID","WINSSecondaryServer"
"NIKKI","2","Win32_NetworkAdapterConfiguration","CIM_Setting","CIM_Setting","Win32_NetworkAdapterConfiguration.Index=0","61","System.String[]","NIKKI","root\cimv2","\\NIKKI\root\cimv2:Win32_NetworkAdapterConfiguration.Index=0",,,"[00000000] Microsoft Kernel Debug Network Adapter",,,,,,"Microsoft Kernel Debug Network Adapter","True",,,,,,,,,,,,,,"0","18",,,"False",,,,,,,,,,,,,,,,,,,,,"kdnic","{C55D59AA-4D99-4FED-A60B-14F5C13E23C8}",,,,,,,,,,,
"NIKKI","2","Win32_NetworkAdapterConfiguration","CIM_Setting","CIM_Setting","Win32_NetworkAdapterConfiguration.Index=1","61","System.String[]","NIKKI","root\cimv2","\\NIKKI\root\cimv2:Win32_NetworkAdapterConfiguration.Index=1",,,"[00000001] RAS Async Adapter",,,,,,"RAS Async Adapter","False",,,,,,,,,,,,,,"1","16",,,"False",,,,,,,,,,,,,,,,,,,,,"AsyncMac","{AF7464DB-E531-454A-943E-7B497A82D56F}",,,,,,,,,,,
"NIKKI","2","Win32_NetworkAdapterConfiguration","CIM_Setting","CIM_Setting","Win32_NetworkAdapterConfiguration.Index=2","61","System.String[]","NIKKI","root\cimv2","\\NIKKI\root\cimv2:Win32_NetworkAdapterConfiguration.Index=2",,,"[00000002] Intel(R) Wi-Fi 6E AX211 160MHz","%SystemRoot%\System32\drivers\etc",,"System.String[]",,,"Intel(R) Wi-Fi 6E AX211 160MHz","True","20231115103358.000000-300","20231115093358.000000-300","216.93.150.163","champlain.edu","System.String[]","False","Nikki","System.String[]","False",,"True","System.UInt16[]",,"2","4","System.String[]","40","True","False",,"System.String[]","System.String[]","System.String[]","System.String[]",,,,,,,,,,"64:D6:9A:C4:07:20",,,,,"Netwtw12.","{1EA23380-D8D2-4173-B09F-EBD400C3F97D}","0",,,,,,"True",,,"",
"NIKKI","2","Win32_NetworkAdapterConfiguration","CIM_Setting","CIM_Setting","Win32_NetworkAdapterConfiguration.Index=3","61","System.String[]","NIKKI","root\cimv2","\\NIKKI\root\cimv2:Win32_NetworkAdapterConfiguration.Index=3",,,"[00000003] Microsoft Wi-Fi Direct Virtual Adapter",,,,,,"Microsoft Wi-Fi Direct Virtual Adapter","True",,,,,,,,,,,,,,"3","5",,,"False",,,,,,,,,,,,,,,,"64:D6:9A:C4:07:21",,,,,"vwifimp","{1EAA6CCC-6D0F-40DF-87C8-7B22FB59DC4D}",,,,,,,,,,,
"NIKKI","2","Win32_NetworkAdapterConfiguration","CIM_Setting","CIM_Setting","Win32_NetworkAdapterConfiguration.Index=4","61","System.String[]","NIKKI","root\cimv2","\\NIKKI\root\cimv2:Win32_NetworkAdapterConfiguration.Index=4",,,"[00000004] Microsoft Wi-Fi Direct Virtual Adapter",,,,,,"Microsoft Wi-Fi Direct Virtual Adapter","False",,,,,,,,,,,,,,"4","15",,,"False",,,,,,,,,,,,,,,,"66:D6:9A:C4:07:20",,,,,"vwifimp","{AB482786-EBB2-46E8-9115-28F414EE745D}",,,,,,,,,,,
"NIKKI","2","Win32_NetworkAdapterConfiguration","CIM_Setting","CIM_Setting","Win32_NetworkAdapterConfiguration.Index=5","61","System.String[]","NIKKI","root\cimv2","\\NIKKI\root\cimv2:Win32_NetworkAdapterConfiguration.Index=5",,,"[00000005] Bluetooth Device (Personal Area Network)",,,,,,"Bluetooth Device (Personal Area Network)","True",,,,,,,,,,,,,,"5","10",,,"False",,,,,,,,,,,,,,,,"64:D6:9A:C4:07:24",,,,,"BthPan","{7884E5A3-3DFB-4644-96B4-119901C4AD7E}",,,,,,,,,,,
"NIKKI","2","Win32_NetworkAdapterConfiguration","CIM_Setting","CIM_Setting","Win32_NetworkAdapterConfiguration.Index=6","61","System.String[]","NIKKI","root\cimv2","\\NIKKI\root\cimv2:Win32_NetworkAdapterConfiguration.Index=6",,,"[00000006] WAN Miniport (SSTP)",,,,,,"WAN Miniport (SSTP)","False",,,,,,,,,,,,,,"6","14",,,"False",,,,,,,,,,,,,,,,,,,,,"RasSstp","{A3FFB595-8428-491E-94BB-4BD40AF2B465}",,,,,,,,,,,
"NIKKI","2","Win32_NetworkAdapterConfiguration","CIM_Setting","CIM_Setting","Win32_NetworkAdapterConfiguration.Index=7","61","System.String[]","NIKKI","root\cimv2","\\NIKKI\root\cimv2:Win32_NetworkAdapterConfiguration.Index=7",,,"[00000007] WAN Miniport (IKEv2)",,,,,,"WAN Miniport (IKEv2)","False",,,,,,,,,,,,,,"7","20",,,"False",,,,,,,,,,,,,,,,,,,,,"RasAgileVpn","{FECBB684-2E48-4B8D-889C-5DC7FCCCDF8E}",,,,,,,,,,,
"NIKKI","2","Win32_NetworkAdapterConfiguration","CIM_Setting","CIM_Setting","Win32_NetworkAdapterConfiguration.Index=8","61","System.String[]","NIKKI","root\cimv2","\\NIKKI\root\cimv2:Win32_NetworkAdapterConfiguration.Index=8",,,"[00000008] WAN Miniport (L2TP)",,,,,,"WAN Miniport (L2TP)","False",,,,,,,,,,,,,,"8","17",,,"False",,,,,,,,,,,,,,,,,,,,,"Rasl2tp","{BCA119DA-9B6D-46C3-9089-5E50A5E8FD7C}",,,,,,,,,,,
"NIKKI","2","Win32_NetworkAdapterConfiguration","CIM_Setting","CIM_Setting","Win32_NetworkAdapterConfiguration.Index=9","61","System.String[]","NIKKI","root\cimv2","\\NIKKI\root\cimv2:Win32_NetworkAdapterConfiguration.Index=9",,,"[00000009] WAN Miniport (PPTP)",,,,,,"WAN Miniport (PPTP)","False",,,,,,,,,,,,,,"9","2",,,"False",,,,,,,,,,,,,,,,,,,,,"PptpMiniport","{001BFC30-934B-4131-A0E3-C310DDA7D82C}",,,,,,,,,,,
"NIKKI","2","Win32_NetworkAdapterConfiguration","CIM_Setting","CIM_Setting","Win32_NetworkAdapterConfiguration.Index=10","61","System.String[]","NIKKI","root\cimv2","\\NIKKI\root\cimv2:Win32_NetworkAdapterConfiguration.Index=10",,,"[00000010] WAN Miniport (PPPOE)",,,,,,"WAN Miniport (PPPOE)","False",,,,,,,,,,,,,,"10","13",,,"False",,,,,,,,,,,,,,,,,,,,,"RasPppoe","{A1DCCF87-22BC-4EB0-9DAF-70AFC00E8A86}",,,,,,,,,,,
"NIKKI","2","Win32_NetworkAdapterConfiguration","CIM_Setting","CIM_Setting","Win32_NetworkAdapterConfiguration.Index=11","61","System.String[]","NIKKI","root\cimv2","\\NIKKI\root\cimv2:Win32_NetworkAdapterConfiguration.Index=11",,,"[00000011] WAN Miniport (IP)",,,,,,"WAN Miniport (IP)","False",,,,,,,,,,,,,,"11","19",,,"False",,,,,,,,,,,,,,,,"20:1C:20:52:41:53",,,,,"NdisWan","{EC51B10D-1807-401A-AD05-B0B5E2796901}",,,,,,,,,,,
"NIKKI","2","Win32_NetworkAdapterConfiguration","CIM_Setting","CIM_Setting","Win32_NetworkAdapterConfiguration.Index=12","61","System.String[]","NIKKI","root\cimv2","\\NIKKI\root\cimv2:Win32_NetworkAdapterConfiguration.Index=12",,,"[00000012] WAN Miniport (IPv6)",,,,,,"WAN Miniport (IPv6)","False",,,,,,,,,,,,,,"12","6",,,"False",,,,,,,,,,,,,,,,"22:AD:20:52:41:53",,,,,"NdisWan","{2AA66145-E27D-41DC-9591-3D4B79E6BCBF}",,,,,,,,,,,
"NIKKI","2","Win32_NetworkAdapterConfiguration","CIM_Setting","CIM_Setting","Win32_NetworkAdapterConfiguration.Index=13","61","System.String[]","NIKKI","root\cimv2","\\NIKKI\root\cimv2:Win32_NetworkAdapterConfiguration.Index=13",,,"[00000013] WAN Miniport (Network Monitor)",,,,,,"WAN Miniport (Network Monitor)","False",,,,,,,,,,,,,,"13","11",,,"False",,,,,,,,,,,,,,,,"26:CB:20:52:41:53",,,,,"NdisWan","{8408278C-A57D-42A6-A9B2-8A1C30C210BF}",,,,,,,,,,,
"NIKKI","2","Win32_NetworkAdapterConfiguration","CIM_Setting","CIM_Setting","Win32_NetworkAdapterConfiguration.Index=14","61","System.String[]","NIKKI","root\cimv2","\\NIKKI\root\cimv2:Win32_NetworkAdapterConfiguration.Index=14",,,"[00000014] VMware Virtual Ethernet Adapter for VMnet1","%SystemRoot%\System32\drivers\etc",,,,,"VMware Virtual Ethernet Adapter for VMnet1","True","20231115100244.000000-300","20231115093244.000000-300","192.168.88.254",,"System.String[]","False","Nikki",,"False",,"True",,,"14","8","System.String[]","35","True","False",,"System.String[]","System.String[]","System.String[]","System.String[]",,,,,,,,,,"00:50:56:C0:00:01",,,,,"VMnetAdapter","{47B2E354-E26D-485C-B29E-E9B380AE47AE}","0",,,,,,"True",,,"",
"NIKKI","2","Win32_NetworkAdapterConfiguration","CIM_Setting","CIM_Setting","Win32_NetworkAdapterConfiguration.Index=15","61","System.String[]","NIKKI","root\cimv2","\\NIKKI\root\cimv2:Win32_NetworkAdapterConfiguration.Index=15",,,"[00000015] VMware Virtual Ethernet Adapter for VMnet8","%SystemRoot%\System32\drivers\etc",,,,,"VMware Virtual Ethernet Adapter for VMnet8","True","20231115100245.000000-300","20231115093245.000000-300","192.168.203.254",,"System.String[]","False","Nikki",,"False",,"True",,,"15","9","System.String[]","35","True","False",,"System.String[]","System.String[]","System.String[]","System.String[]",,,,,,,,,,"00:50:56:C0:00:08",,,,,"VMnetAdapter","{59CC9CB3-EB81-4830-A930-FE00B8A96E92}","0",,,,,,"True",,"192.168.203.2","",
