"ProcessName","Path","Id"
"AggregatorHost","C:\Windows\System32\AggregatorHost.exe","8300"
"ApplicationFrameHost","C:\Windows\system32\ApplicationFrameHost.exe","8540"
"AppVShNotify","C:\Program Files\Common Files\Microsoft Shared\ClickToRun\AppVShNotify.exe","51512"
"audiodg","C:\Windows\system32\AUDIODG.EXE","49888"
"backgroundTaskHost","C:\Windows\system32\backgroundTaskHost.exe","4628"
"backgroundTaskHost","C:\Windows\system32\backgroundTaskHost.exe","5380"
"backgroundTaskHost","C:\Windows\system32\backgroundTaskHost.exe","7208"
"backgroundTaskHost","C:\Windows\system32\backgroundTaskHost.exe","10084"
"backgroundTaskHost","C:\Windows\system32\backgroundTaskHost.exe","12660"
"backgroundTaskHost","C:\Windows\system32\backgroundTaskHost.exe","22732"
"backgroundTaskHost","C:\Windows\system32\backgroundTaskHost.exe","23340"
"backgroundTaskHost","C:\Windows\system32\backgroundTaskHost.exe","26724"
"backgroundTaskHost","C:\Windows\system32\backgroundTaskHost.exe","35228"
"backgroundTaskHost","C:\Windows\system32\backgroundTaskHost.exe","37152"
"backgroundTaskHost","C:\Windows\system32\backgroundTaskHost.exe","39072"
"backgroundTaskHost","C:\Windows\system32\backgroundTaskHost.exe","40732"
"backgroundTaskHost","C:\Windows\system32\backgroundTaskHost.exe","40964"
"backgroundTaskHost","C:\Windows\system32\backgroundTaskHost.exe","43548"
"backgroundTaskHost","C:\Windows\system32\backgroundTaskHost.exe","47436"
"backgroundTaskHost","C:\Windows\system32\backgroundTaskHost.exe","48852"
"backgroundTaskHost","C:\Windows\system32\backgroundTaskHost.exe","51252"
"chrome","C:\Program Files\Google\Chrome\Application\chrome.exe","4268"
"chrome","C:\Program Files\Google\Chrome\Application\chrome.exe","7300"
"chrome","C:\Program Files\Google\Chrome\Application\chrome.exe","8808"
"chrome","C:\Program Files\Google\Chrome\Application\chrome.exe","11316"
"chrome","C:\Program Files\Google\Chrome\Application\chrome.exe","11880"
"chrome","C:\Program Files\Google\Chrome\Application\chrome.exe","19348"
"chrome","C:\Program Files\Google\Chrome\Application\chrome.exe","25000"
"chrome","C:\Program Files\Google\Chrome\Application\chrome.exe","26044"
"chrome","C:\Program Files\Google\Chrome\Application\chrome.exe","27872"
"chrome","C:\Program Files\Google\Chrome\Application\chrome.exe","28108"
"chrome","C:\Program Files\Google\Chrome\Application\chrome.exe","28176"
"chrome","C:\Program Files\Google\Chrome\Application\chrome.exe","28304"
"chrome","C:\Program Files\Google\Chrome\Application\chrome.exe","29536"
"chrome","C:\Program Files\Google\Chrome\Application\chrome.exe","31948"
"chrome","C:\Program Files\Google\Chrome\Application\chrome.exe","37580"
"chrome","C:\Program Files\Google\Chrome\Application\chrome.exe","38032"
"chrome","C:\Program Files\Google\Chrome\Application\chrome.exe","38428"
"chrome","C:\Program Files\Google\Chrome\Application\chrome.exe","40292"
"chrome","C:\Program Files\Google\Chrome\Application\chrome.exe","42960"
"chrome","C:\Program Files\Google\Chrome\Application\chrome.exe","47908"
"chrome","C:\Program Files\Google\Chrome\Application\chrome.exe","47984"
"chrome","C:\Program Files\Google\Chrome\Application\chrome.exe","48396"
"chrome","C:\Program Files\Google\Chrome\Application\chrome.exe","48872"
"chrome","C:\Program Files\Google\Chrome\Application\chrome.exe","51216"
"chrome","C:\Program Files\Google\Chrome\Application\chrome.exe","51576"
"chrome","C:\Program Files\Google\Chrome\Application\chrome.exe","51756"
"chrome","C:\Program Files\Google\Chrome\Application\chrome.exe","51916"
"cmd","C:\Windows\system32\cmd.exe","9148"
"conhost","C:\Windows\system32\conhost.exe","3732"
"conhost","C:\Windows\system32\conhost.exe","3996"
"conhost","C:\Windows\system32\conhost.exe","8160"
"conhost","C:\Windows\system32\conhost.exe","8592"
"conhost","C:\Windows\system32\conhost.exe","8860"
"conhost","C:\Windows\system32\conhost.exe","9980"
"conhost","C:\Windows\system32\conhost.exe","17940"
"conhost","C:\Windows\system32\conhost.exe","19264"
"conhost","C:\Windows\system32\conhost.exe","20444"
"conhost","C:\Windows\system32\conhost.exe","21044"
"conhost","C:\Windows\system32\conhost.exe","23452"
"conhost","C:\Windows\system32\conhost.exe","36692"
"crashpad_handler","C:\Program Files\Google\Drive File Stream\82.0.1.0\crashpad_handler.exe","20436"
"crashpad_handler","C:\Program Files\Google\Drive File Stream\83.0.2.0\crashpad_handler.exe","36008"
"csrss",,"1160"
"csrss",,"1296"
"ctfmon","C:\Windows\system32\ctfmon.exe","14452"
"curseforge","C:\Users\nicol\AppData\Local\Overwolf\ProcessCache\0.233.2.2\cchhcaiapeikjbdbpfplgmpobbcdkdaphclbmkbj\curseforge.exe","38572"
"dasHost","C:\Windows\system32\dashost.exe","4092"
"dasHost","C:\Windows\system32\dashost.exe","4736"
"DDVCollectorSvcApi","C:\Program Files\Dell\DellDataVault\DDVCollectorSvcApi.exe","25772"
"DDVDataCollector","C:\Program Files\Dell\DellDataVault\DDVDataCollector.exe","25700"
"DDVRulesProcessor","C:\Program Files\Dell\DellDataVault\DDVRulesProcessor.exe","21236"
"Dell.D3.WinSvc","C:\Program Files (x86)\Dell Digital Delivery Services\Dell.D3.WinSvc.exe","15748"
"Dell.DCF.UA.Bradbury.API.SubAgent","C:\Program Files (x86)\Dell\UpdateService\DCF\Dell.DCF.UA.Bradbury.API.SubAgent.exe","16448"
"Dell.TechHub","C:\Program Files\Dell\TechHub\Dell.TechHub.exe","7672"
"Dell.TechHub.Analytics.SubAgent","C:\Program Files\Dell\DTP\AnalyticsSubAgent\Dell.TechHub.Analytics.SubAgent.exe","19744"
"Dell.TechHub.DataManager.SubAgent","C:\Program Files\Dell\DTP\DataManagerSubAgent\Dell.TechHub.DataManager.SubAgent.exe","20312"
"Dell.TechHub.Diagnostics.SubAgent","C:\Program Files\Dell\DTP\DiagnosticsSubAgent\Dell.TechHub.Diagnostics.SubAgent.exe","16360"
"Dell.TechHub.Instrumentation.SubAgent","C:\Program Files\Dell\DTP\InstrumentationSubAgent\Dell.TechHub.Instrumentation.SubAgent.exe","21464"
"Dell.TechHub.Instrumentation.UserProcess","C:\Program Files\Dell\DTP\InstrumentationSubAgent\Dell.TechHub.Instrumentation.UserProcess.exe","24424"
"DellPair","C:\Program Files\Dell\Dell Pair\DellPair.exe","11072"
"DellPairService","C:\Program Files\Dell\Dell Pair\DellPairService.exe","6452"
"DellSupportAssistRemedationService","C:\Program Files\Dell\SARemediation\agent\DellSupportAssistRemedationService.exe","21420"
"Discord","C:\Users\nicol\AppData\Local\Discord\app-1.0.9021\Discord.exe","3680"
"Discord","C:\Users\nicol\AppData\Local\Discord\app-1.0.9021\Discord.exe","14064"
"Discord","C:\Users\nicol\AppData\Local\Discord\app-1.0.9021\Discord.exe","15240"
"Discord","C:\Users\nicol\AppData\Local\Discord\app-1.0.9021\Discord.exe","15720"
"Discord","C:\Users\nicol\AppData\Local\Discord\app-1.0.9021\Discord.exe","15776"
"Discord","C:\Users\nicol\AppData\Local\Discord\app-1.0.9021\Discord.exe","17984"
"dllhost","C:\Windows\system32\DllHost.exe","12328"
"dllhost","C:\Windows\system32\DllHost.exe","27540"
"dllhost","C:\Windows\system32\DllHost.exe","35592"
"dwm","C:\Windows\system32\dwm.exe","1924"
"EABackgroundService","C:\Program Files\Electronic Arts\EA Desktop\EA Desktop\EABackgroundService.exe","38372"
"explorer","C:\Windows\Explorer.EXE","11592"
"firefox",,"25440"
"fontdrvhost","C:\Windows\system32\fontdrvhost.exe","1524"
"fontdrvhost","C:\Windows\system32\fontdrvhost.exe","1772"
"FusionService","C:\Program Files\Dell\Fusion\FusionService.exe","17708"
"gameinputsvc","C:\Program Files (x86)\Microsoft GameInput\x64\gameinputsvc.exe","6400"
"gameinputsvc","C:\Program Files (x86)\Microsoft GameInput\x64\gameinputsvc.exe","7196"
"gamingservices","C:\Program Files\WindowsApps\Microsoft.GamingServices_16.83.3001.0_x64__8wekyb3d8bbwe\GamingServices.exe","52200"
"gamingservicesnet","C:\Program Files\WindowsApps\Microsoft.GamingServices_16.83.3001.0_x64__8wekyb3d8bbwe\GamingServicesNet.exe","13712"
"GoodixSessionService","C:\Windows\System32\drivers\GoodixSessionService.exe","6472"
"GoogleCrashHandler","C:\Program Files (x86)\Google\Update\1.3.36.332\GoogleCrashHandler.exe","43812"
"GoogleCrashHandler64","C:\Program Files (x86)\Google\Update\1.3.36.332\GoogleCrashHandler64.exe","38576"
"GoogleDriveFS","C:\Program Files\Google\Drive File Stream\83.0.2.0\GoogleDriveFS.exe","7580"
"GoogleDriveFS","C:\Program Files\Google\Drive File Stream\83.0.2.0\GoogleDriveFS.exe","11020"
"GoogleDriveFS","C:\Program Files\Google\Drive File Stream\83.0.2.0\GoogleDriveFS.exe","14720"
"GoogleDriveFS","C:\Program Files\Google\Drive File Stream\82.0.1.0\GoogleDriveFS.exe","20268"
"GoogleDriveFS","C:\Program Files\Google\Drive File Stream\83.0.2.0\GoogleDriveFS.exe","20896"
"GoogleDriveFS","C:\Program Files\Google\Drive File Stream\83.0.2.0\GoogleDriveFS.exe","33196"
"GoogleDriveFS","C:\Program Files\Google\Drive File Stream\83.0.2.0\GoogleDriveFS.exe","43676"
"Idle",,"0"
"Intel_PIE_Service","C:\Windows\System32\DriverStore\FileRepository\piecomponent.inf_amd64_45da76e5d6aa50af\Intel_PIE_Service.exe","7140"
"IntelAudioService","C:\Windows\System32\DriverStore\FileRepository\intcoed.inf_amd64_d297b5bf6052ca3b\AS\IAS\IntelAudioService.exe","6440"
"IntelCpHDCPSvc","C:\Windows\System32\DriverStore\FileRepository\iigd_dch.inf_amd64_6d2a6dd090ea32a4\IntelCpHDCPSvc.exe","2844"
"ipf_helper","C:\Windows\System32\DriverStore\FileRepository\ipf_cpu.inf_amd64_07e81e065fff923d\ipf_helper.exe","11064"
"ipf_uf","C:\Windows\System32\DriverStore\FileRepository\ipf_cpu.inf_amd64_07e81e065fff923d\ipf_uf.exe","6692"
"ipfsvc","C:\Windows\System32\DriverStore\FileRepository\dtt_sw.inf_amd64_3ea1838906a8645a\ipfsvc.exe","6424"
"jhi_service","C:\Windows\System32\DriverStore\FileRepository\dal.inf_amd64_64d7fcfcde9b9c10\jhi_service.exe","6608"
"jucheck","C:\Program Files (x86)\Common Files\Java\Java Update\jucheck.exe","8704"
"jusched","C:\Program Files (x86)\Common Files\Java\Java Update\jusched.exe","23388"
"KAPS","C:\Windows\System32\drivers\RivetNetworks\Killer\KAPS.exe","8984"
"KAPSService","C:\Windows\System32\drivers\RivetNetworks\Killer\KAPSService.exe","8948"
"KillerAnalyticsService","C:\Windows\System32\drivers\RivetNetworks\Killer\KillerAnalyticsService.exe","6624"
"KNDBWM","C:\Windows\System32\drivers\RivetNetworks\Killer\KNDBWM.exe","3028"
"KNDBWMService","C:\Windows\System32\drivers\RivetNetworks\Killer\KNDBWMService.exe","9164"
"Last.fm Desktop Scrobbler","C:\Program Files (x86)\Last.fm\Last.fm Desktop Scrobbler\Last.fm Desktop Scrobbler.exe","23356"
"LockApp","C:\Windows\SystemApps\Microsoft.LockApp_cw5n1h2txyewy\LockApp.exe","13776"
"LsaIso",,"1368"
"lsass","C:\Windows\system32\lsass.exe","1384"
"mc-fw-host",,"3496"
"mc-fw-host",,"6644"
"mc-neo-host","C:\Program Files\McAfee\WPS\1.11.279.1\neo\core\mc-neo-host.exe","10388"
"Memory Compression",,"3904"
"Microsoft.Notes","C:\Program Files\WindowsApps\Microsoft.MicrosoftStickyNotes_6.0.1.0_x64__8wekyb3d8bbwe\Microsoft.Notes.exe","43420"
"MoNotificationUx","C:\Windows\uus\AMD64\MoNotificationUx.exe","14440"
"MoUsoCoreWorker","C:\Windows\uus\AMD64\MoUsoCoreWorker.exe","49188"
"msedge","C:\Program Files (x86)\Microsoft\Edge\Application\msedge.exe","692"
"msedge","C:\Program Files (x86)\Microsoft\Edge\Application\msedge.exe","25688"
"msedge","C:\Program Files (x86)\Microsoft\Edge\Application\msedge.exe","27368"
"msedge","C:\Program Files (x86)\Microsoft\Edge\Application\msedge.exe","34596"
"msedge","C:\Program Files (x86)\Microsoft\Edge\Application\msedge.exe","44268"
"msedgewebview2","C:\Program Files (x86)\Microsoft\EdgeWebView\Application\119.0.2151.58\msedgewebview2.exe","2308"
"msedgewebview2","C:\Program Files (x86)\Microsoft\EdgeWebView\Application\119.0.2151.44\msedgewebview2.exe","3296"
"msedgewebview2","C:\Program Files (x86)\Microsoft\EdgeWebView\Application\119.0.2151.58\msedgewebview2.exe","13796"
"msedgewebview2","C:\Program Files (x86)\Microsoft\EdgeWebView\Application\119.0.2151.44\msedgewebview2.exe","18260"
"msedgewebview2","C:\Program Files (x86)\Microsoft\EdgeWebView\Application\119.0.2151.44\msedgewebview2.exe","26760"
"msedgewebview2","C:\Program Files (x86)\Microsoft\EdgeWebView\Application\119.0.2151.44\msedgewebview2.exe","31720"
"msedgewebview2","C:\Program Files (x86)\Microsoft\EdgeWebView\Application\119.0.2151.44\msedgewebview2.exe","34304"
"msedgewebview2","C:\Program Files (x86)\Microsoft\EdgeWebView\Application\119.0.2151.58\msedgewebview2.exe","34660"
"msedgewebview2","C:\Program Files (x86)\Microsoft\EdgeWebView\Application\119.0.2151.44\msedgewebview2.exe","35304"
"msedgewebview2","C:\Program Files (x86)\Microsoft\EdgeWebView\Application\119.0.2151.58\msedgewebview2.exe","39752"
"msedgewebview2","C:\Program Files (x86)\Microsoft\EdgeWebView\Application\119.0.2151.58\msedgewebview2.exe","42276"
"msedgewebview2","C:\Program Files (x86)\Microsoft\EdgeWebView\Application\119.0.2151.58\msedgewebview2.exe","43288"
"msedgewebview2","C:\Program Files (x86)\Microsoft\EdgeWebView\Application\119.0.2151.44\msedgewebview2.exe","45664"
"msedgewebview2","C:\Program Files (x86)\Microsoft\EdgeWebView\Application\119.0.2151.58\msedgewebview2.exe","45780"
"MsMpEng",,"4920"
"msteams","C:\Program Files\WindowsApps\MicrosoftTeams_23285.3703.2471.4627_x64__8wekyb3d8bbwe\msteams.exe","28776"
"NVDisplay.Container","C:\Windows\System32\DriverStore\FileRepository\nvdm.inf_amd64_9274dfe714d15c09\Display.NvContainer\NVDisplay.Container.exe","3956"
"NVDisplay.Container","C:\Windows\System32\DriverStore\FileRepository\nvdm.inf_amd64_9274dfe714d15c09\Display.NvContainer\NVDisplay.Container.exe","4512"
"OfficeClickToRun","C:\Program Files\Common Files\Microsoft Shared\ClickToRun\OfficeClickToRun.exe","18668"
"OneApp.IGCC.WinService","C:\Windows\System32\DriverStore\FileRepository\igcc_dch.inf_amd64_07bea76bdbdaf3eb\OneApp.IGCC.WinService.exe","6408"
"OneDrive","C:\Program Files\Microsoft OneDrive\OneDrive.exe","3408"
"ONENOTEM","C:\Program Files\Microsoft Office\root\Office16\ONENOTEM.EXE","1912"
"Overwolf","C:\Program Files (x86)\Overwolf\Overwolf.exe","6876"
"OverwolfBrowser","C:\Program Files (x86)\Overwolf\0.233.2.2\OverwolfBrowser.exe","5948"
"OverwolfBrowser","C:\Program Files (x86)\Overwolf\0.233.2.2\OverwolfBrowser.exe","13148"
"OverwolfBrowser","C:\Program Files (x86)\Overwolf\0.233.2.2\OverwolfBrowser.exe","17584"
"OverwolfBrowser","C:\Program Files (x86)\Overwolf\0.233.2.2\OverwolfBrowser.exe","18020"
"OverwolfHelper","C:\Program Files (x86)\Common Files\Overwolf\0.233.2.2\OverwolfHelper.exe","9592"
"OverwolfHelper64","C:\Program Files (x86)\Common Files\Overwolf\0.233.2.2\OverwolfHelper64.exe","18088"
"PhoneExperienceHost","C:\Program Files\WindowsApps\Microsoft.YourPhone_1.23092.151.0_x64__8wekyb3d8bbwe\PhoneExperienceHost.exe","35632"
"powershell_ise","C:\Windows\system32\WindowsPowerShell\v1.0\PowerShell_ISE.exe","8196"
"PushNotificationsLongRunningTask","C:\Program Files\WindowsApps\MicrosoftCorporationII.WinAppRuntime.Singleton_4000.986.611.0_x64__8wekyb3d8bbwe\PushNotificationsLongRunningTask.exe","3464"
"Registry",,"236"
"RstMwService","C:\Windows\System32\DriverStore\FileRepository\iastorvd.inf_amd64_346bd04e375689ec\RstMwService.exe","6592"
"RtkAudUService64","C:\Windows\System32\DriverStore\FileRepository\realtekservice.inf_amd64_c1ed66a4660de9da\RtkAudUService64.exe","6676"
"RtkAudUService64","C:\Windows\System32\DriverStore\FileRepository\realtekservice.inf_amd64_c1ed66a4660de9da\RtkAudUService64.exe","14876"
"RtkAudUService64","C:\Windows\System32\DriverStore\FileRepository\realtekservice.inf_amd64_c1ed66a4660de9da\RtkAudUService64.exe","16908"
"RuntimeBroker","C:\Windows\System32\RuntimeBroker.exe","9420"
"RuntimeBroker","C:\Windows\System32\RuntimeBroker.exe","12916"
"RuntimeBroker","C:\Windows\System32\RuntimeBroker.exe","13004"
"RuntimeBroker","C:\Windows\System32\RuntimeBroker.exe","15048"
"RuntimeBroker","C:\Windows\System32\RuntimeBroker.exe","20132"
"RuntimeBroker","C:\Windows\System32\RuntimeBroker.exe","20332"
"RuntimeBroker","C:\Windows\System32\RuntimeBroker.exe","25640"
"RuntimeBroker","C:\Windows\System32\RuntimeBroker.exe","37312"
"RuntimeBroker","C:\Windows\System32\RuntimeBroker.exe","39720"
"RuntimeBroker","C:\Windows\System32\RuntimeBroker.exe","49004"
"SDXHelper","C:\Program Files\Microsoft Office\Root\Office16\SDXHelper.exe","27360"
"SearchHost","C:\Windows\SystemApps\MicrosoftWindows.Client.CBS_cw5n1h2txyewy\SearchHost.exe","33872"
"SearchIndexer","C:\Windows\system32\SearchIndexer.exe","38620"
"Secure System",,"204"
"SecurityHealthService",,"15156"
"SecurityHealthSystray","C:\Windows\System32\SecurityHealthSystray.exe","15136"
"servicehost","C:\Program Files\McAfee\WebAdvisor\ServiceHost.exe","2896"
"services",,"1348"
"ServiceShell","C:\Program Files (x86)\Dell\UpdateService\ServiceShell.exe","17948"
"ShellExperienceHost","C:\Windows\SystemApps\ShellExperienceHost_cw5n1h2txyewy\ShellExperienceHost.exe","49812"
"sihost","C:\Windows\system32\sihost.exe","11132"
"slack","C:\Users\nicol\AppData\Local\slack\app-4.34.121\slack.exe","12264"
"slack","C:\Users\nicol\AppData\Local\slack\app-4.34.121\slack.exe","12968"
"slack","C:\Users\nicol\AppData\Local\slack\app-4.34.121\slack.exe","20828"
"slack","C:\Users\nicol\AppData\Local\slack\app-4.34.121\slack.exe","21068"
"slack","C:\Users\nicol\AppData\Local\slack\app-4.34.121\slack.exe","22356"
"smartscreen","C:\Windows\System32\smartscreen.exe","35128"
"smss",,"860"
"spoolsv","C:\Windows\System32\spoolsv.exe","5692"
"SpotifyWidgetProvider","C:\Program Files\WindowsApps\SpotifyAB.SpotifyMusic_1.224.756.0_x64__zpdnekdrzrea0\SpotifyWidgetProvider.exe","12176"
"sqlwriter","C:\Program Files\Microsoft SQL Server\90\Shared\sqlwriter.exe","6500"
"StartMenuExperienceHost","C:\Windows\SystemApps\Microsoft.Windows.StartMenuExperienceHost_cw5n1h2txyewy\StartMenuExperienceHost.exe","12692"
"steam","C:\Program Files (x86)\Steam\steam.exe","47100"
"steamservice","C:\Program Files (x86)\Common Files\Steam\steamservice.exe","12804"
"steamwebhelper","C:\Program Files (x86)\Steam\bin\cef\cef.win7x64\steamwebhelper.exe","4716"
"steamwebhelper","C:\Program Files (x86)\Steam\bin\cef\cef.win7x64\steamwebhelper.exe","15948"
"steamwebhelper","C:\Program Files (x86)\Steam\bin\cef\cef.win7x64\steamwebhelper.exe","20756"
"steamwebhelper","C:\Program Files (x86)\Steam\bin\cef\cef.win7x64\steamwebhelper.exe","22624"
"steamwebhelper","C:\Program Files (x86)\Steam\bin\cef\cef.win7x64\steamwebhelper.exe","45172"
"steamwebhelper","C:\Program Files (x86)\Steam\bin\cef\cef.win7x64\steamwebhelper.exe","47828"
"steamwebhelper","C:\Program Files (x86)\Steam\bin\cef\cef.win7x64\steamwebhelper.exe","51460"
"SupportAssistAgent","C:\Program Files\Dell\SupportAssistAgent\bin\SupportAssistAgent.exe","25096"
"SupportAssistHardwareDiags","C:\Program Files\Dell\SupportAssistAgent\bin\SupportAssistHardwareDiags.exe","39392"
"svchost","C:\Windows\system32\svchost.exe","892"
"svchost","C:\Windows\system32\svchost.exe","1012"
"svchost","C:\Windows\system32\svchost.exe","1436"
"svchost","C:\Windows\system32\svchost.exe","1496"
"svchost","C:\Windows\system32\svchost.exe","1676"
"svchost","C:\Windows\system32\svchost.exe","1740"
"svchost","C:\Windows\system32\svchost.exe","1904"
"svchost","C:\Windows\system32\svchost.exe","1972"
"svchost","C:\Windows\System32\svchost.exe","1980"
"svchost","C:\Windows\system32\svchost.exe","1992"
"svchost","C:\Windows\system32\svchost.exe","2016"
"svchost","C:\Windows\system32\svchost.exe","2040"
"svchost","C:\Windows\system32\svchost.exe","2124"
"svchost","C:\Windows\system32\svchost.exe","2320"
"svchost","C:\Windows\System32\svchost.exe","2384"
"svchost","C:\Windows\system32\svchost.exe","2392"
"svchost","C:\Windows\system32\svchost.exe","2400"
"svchost","C:\Windows\system32\svchost.exe","2436"
"svchost","C:\Windows\system32\svchost.exe","2448"
"svchost","C:\Windows\system32\svchost.exe","2600"
"svchost","C:\Windows\system32\svchost.exe","2720"
"svchost","C:\Windows\system32\svchost.exe","2748"
"svchost","C:\Windows\system32\svchost.exe","2792"
"svchost","C:\Windows\system32\svchost.exe","2804"
"svchost","C:\Windows\system32\svchost.exe","2864"
"svchost","C:\Windows\system32\svchost.exe","2972"
"svchost","C:\Windows\system32\svchost.exe","2988"
"svchost","C:\Windows\System32\svchost.exe","3008"
"svchost","C:\Windows\system32\svchost.exe","3036"
"svchost","C:\Windows\system32\svchost.exe","3100"
"svchost","C:\Windows\system32\svchost.exe","3124"
"svchost","C:\Windows\System32\svchost.exe","3216"
"svchost","C:\Windows\system32\svchost.exe","3304"
"svchost","C:\Windows\system32\svchost.exe","3428"
"svchost","C:\Windows\system32\svchost.exe","3740"
"svchost","C:\Windows\system32\svchost.exe","3796"
"svchost","C:\Windows\System32\svchost.exe","4032"
"svchost","C:\Windows\System32\svchost.exe","4128"
"svchost","C:\Windows\System32\svchost.exe","4132"
"svchost","C:\Windows\system32\svchost.exe","4140"
"svchost","C:\Windows\system32\svchost.exe","4348"
"svchost","C:\Windows\system32\svchost.exe","4536"
"svchost","C:\Windows\System32\svchost.exe","4852"
"svchost","C:\Windows\System32\svchost.exe","4964"
"svchost","C:\Windows\System32\svchost.exe","4996"
"svchost","C:\Windows\system32\svchost.exe","5040"
"svchost","C:\Windows\System32\svchost.exe","5576"
"svchost","C:\Windows\system32\svchost.exe","5628"
"svchost","C:\Windows\System32\svchost.exe","5652"
"svchost","C:\Windows\system32\svchost.exe","5704"
"svchost","C:\Windows\system32\svchost.exe","5856"
"svchost","C:\Windows\System32\svchost.exe","6044"
"svchost","C:\Windows\System32\svchost.exe","6192"
"svchost","C:\Windows\System32\svchost.exe","6372"
"svchost","C:\Windows\system32\svchost.exe","6432"
"svchost","C:\Windows\system32\svchost.exe","6464"
"svchost","C:\Windows\System32\svchost.exe","6480"
"svchost","C:\Windows\System32\svchost.exe","6536"
"svchost","C:\Windows\system32\svchost.exe","6544"
"svchost","C:\Windows\System32\svchost.exe","6616"
"svchost","C:\Windows\system32\svchost.exe","8168"
"svchost","C:\Windows\System32\svchost.exe","8440"
"svchost","C:\Windows\system32\svchost.exe","8468"
"svchost","C:\Windows\System32\svchost.exe","9000"
"svchost","C:\Windows\System32\svchost.exe","10016"
"svchost","C:\Windows\system32\svchost.exe","10532"
"svchost","C:\Windows\system32\svchost.exe","10640"
"svchost","C:\Windows\system32\svchost.exe","10696"
"svchost","C:\Windows\system32\svchost.exe","10964"
"svchost","C:\Windows\system32\svchost.exe","11204"
"svchost","C:\Windows\system32\svchost.exe","11216"
"svchost","C:\Windows\system32\svchost.exe","11636"
"svchost","C:\Windows\system32\svchost.exe","11848"
"svchost","C:\Windows\system32\svchost.exe","12092"
"svchost","C:\Windows\System32\svchost.exe","12376"
"svchost","C:\Windows\system32\svchost.exe","13128"
"svchost","C:\Windows\System32\svchost.exe","13908"
"svchost","C:\Windows\system32\svchost.exe","14284"
"svchost","C:\Windows\System32\svchost.exe","14612"
"svchost","C:\Windows\system32\svchost.exe","15536"
"svchost","C:\Windows\System32\svchost.exe","19804"
"svchost","C:\Windows\system32\svchost.exe","20800"
"svchost","C:\Windows\System32\svchost.exe","22088"
"svchost","C:\Windows\system32\svchost.exe","22144"
"svchost","C:\Windows\system32\svchost.exe","25384"
"svchost",,"25512"
"svchost","C:\Windows\System32\svchost.exe","26364"
"svchost",,"28488"
"svchost","C:\Windows\System32\svchost.exe","28912"
"svchost","C:\Windows\system32\svchost.exe","32304"
"svchost",,"34428"
"svchost","C:\Windows\system32\svchost.exe","36640"
"svchost","C:\Windows\System32\svchost.exe","38736"
"svchost","C:\Windows\System32\svchost.exe","39748"
"svchost","C:\Windows\system32\svchost.exe","40788"
"svchost","C:\Windows\system32\svchost.exe","44592"
"svchost",,"45416"
"svchost","C:\Windows\system32\svchost.exe","46308"
"svchost","C:\Windows\system32\svchost.exe","49996"
"svchost","C:\Windows\system32\svchost.exe","50096"
"switchblade_host","C:\Program Files\Google\Drive File Stream\83.0.2.0\switchblade_host.exe","17184"
"System",,"4"
"SystemSettings","C:\Windows\ImmersiveControlPanel\SystemSettings.exe","15312"
"SystemSettingsBroker","C:\Windows\System32\SystemSettingsBroker.exe","22908"
"taskhostw","C:\Windows\system32\taskhostw.exe","11332"
"taskhostw","C:\Windows\system32\taskhostw.exe","12944"
"TextInputHost","C:\Windows\SystemApps\MicrosoftWindows.Client.CBS_cw5n1h2txyewy\TextInputHost.exe","16520"
"uihost","C:\Program Files\McAfee\WebAdvisor\UIHost.exe","24848"
"unsecapp","C:\Windows\system32\wbem\unsecapp.exe","5324"
"unsecapp","C:\Windows\system32\wbem\unsecapp.exe","16664"
"UserOOBEBroker","C:\Windows\System32\oobe\UserOOBEBroker.exe","38120"
"vmnat","C:\Windows\SysWOW64\vmnat.exe","6564"
"vmnetdhcp","C:\Windows\SysWOW64\vmnetdhcp.exe","6504"
"vmware-authd","C:\Program Files (x86)\VMware\VMware Player\vmware-authd.exe","6488"
"vmware-usbarbitrator64","C:\Program Files (x86)\Common Files\VMware\USB\vmware-usbarbitrator64.exe","6580"
"WavesAudioService","C:\Windows\System32\DriverStore\FileRepository\wavesapo11de.inf_amd64_d4eabf4492fbb4d5\WavesAudioService.exe","6528"
"WavesSvc64","C:\Windows\System32\DriverStore\FileRepository\wavesapo11de.inf_amd64_d4eabf4492fbb4d5\WavesSvc64.exe","16420"
"WavesSysSvc64","C:\Windows\System32\DriverStore\FileRepository\wavesapo11de.inf_amd64_d4eabf4492fbb4d5\WavesSysSvc64.exe","6552"
"WebViewHost","C:\Program Files\Microsoft Visual Studio\2022\Community\Common7\IDE\WebViewHost\WebViewHost.exe","10212"
"Widgets","C:\Program Files\WindowsApps\MicrosoftWindows.Client.WebExperience_423.29700.0.0_x64__cw5n1h2txyewy\Dashboard\Widgets.exe","4016"
"WidgetService","C:\Program Files\WindowsApps\MicrosoftWindows.Client.WebExperience_423.29700.0.0_x64__cw5n1h2txyewy\Dashboard\widgetservice.exe","23092"
"Windows.Media.BackgroundPlayback","C:\Windows\system32\Windows.Media.BackgroundPlayback.exe","2064"
"wininit",,"1276"
"winlogon","C:\Windows\system32\winlogon.exe","1656"
"wlanext","C:\Windows\system32\WLANExt.exe","4024"
"WmiPrvSE","C:\Windows\system32\wbem\wmiprvse.exe","5136"
"WmiPrvSE","C:\Windows\system32\wbem\wmiprvse.exe","5812"
"WmiPrvSE","C:\Windows\system32\wbem\wmiprvse.exe","30884"
"WMIRegistrationService","C:\Windows\System32\DriverStore\FileRepository\mewmiprov.inf_amd64_f3c201b4c28c14d0\WMIRegistrationService.exe","6520"
"WUDFHost","C:\Windows\System32\WUDFHost.exe","1588"
"WUDFHost","C:\Windows\System32\WUDFHost.exe","1832"
"WUDFHost","C:\Windows\System32\WUDFHost.exe","2512"
"WUDFHost","C:\Windows\System32\WUDFHost.exe","3720"
"WUDFHost","C:\Windows\System32\WUDFHost.exe","4296"
"WUDFHost","C:\Windows\System32\WUDFHost.exe","33264"
"WWAHost","C:\Windows\system32\wwahost.exe","34420"
"XboxGameBarSpotify","C:\Program Files\WindowsApps\SpotifyAB.SpotifyMusic_1.224.756.0_x64__zpdnekdrzrea0\XboxGameBarSpotify.exe","14828"
