"DisplayName","PathName"
"AllJoyn Router Service","C:\Windows\system32\svchost.exe -k LocalServiceNetworkRestricted -p"
"Application Layer Gateway Service","C:\Windows\System32\alg.exe"
"Application Identity","C:\Windows\system32\svchost.exe -k LocalServiceNetworkRestricted -p"
"Application Information","C:\Windows\system32\svchost.exe -k netsvcs -p"
"App Readiness","C:\Windows\System32\svchost.exe -k AppReadiness -p"
"AppX Deployment Service (AppXSVC)","C:\Windows\system32\svchost.exe -k wsappx -p"
"Windows Audio Endpoint Builder","C:\Windows\System32\svchost.exe -k LocalSystemNetworkRestricted -p"
"Windows Audio","C:\Windows\System32\svchost.exe -k LocalServiceNetworkRestricted -p"
"Cellular Time","C:\Windows\system32\svchost.exe -k autoTimeSvc"
"ActiveX Installer (AxInstSV)","C:\Windows\system32\svchost.exe -k AxInstSVGroup"
"BitLocker Drive Encryption Service","C:\Windows\System32\svchost.exe -k netsvcs -p"
"Base Filtering Engine","C:\Windows\system32\svchost.exe -k LocalServiceNoNetworkFirewall -p"
"Background Intelligent Transfer Service","C:\Windows\System32\svchost.exe -k netsvcs -p"
"Background Tasks Infrastructure Service","C:\Windows\system32\svchost.exe -k DcomLaunch -p"
"Bluetooth Audio Gateway Service","C:\Windows\system32\svchost.exe -k LocalServiceNetworkRestricted"
"AVCTP service","C:\Windows\system32\svchost.exe -k LocalService -p"
"Bluetooth Support Service","C:\Windows\system32\svchost.exe -k LocalService -p"
"Capability Access Manager Service","C:\Windows\system32\svchost.exe -k osprivacy -p"
"Connected Devices Platform Service","C:\Windows\system32\svchost.exe -k LocalService -p"
"Certificate Propagation","C:\Windows\system32\svchost.exe -k netsvcs"
"Microsoft Office Click-to-Run Service","""C:\Program Files\Common Files\Microsoft Shared\ClickToRun\OfficeClickToRun.exe"" /service"
"Client License Service (ClipSVC)","C:\Windows\System32\svchost.exe -k wsappx -p"
"COM+ System Application","C:\Windows\system32\dllhost.exe /Processid:{02D4B3F1-FD88-11D1-960D-00805FC79235}"
"CoreMessaging","C:\Windows\system32\svchost.exe -k LocalServiceNoNetwork -p"
"Intel(R) Content Protection HDCP Service","C:\Windows\System32\DriverStore\FileRepository\iigd_dch.inf_amd64_6d2a6dd090ea32a4\IntelCpHDCPSvc.exe"
"Cryptographic Services","C:\Windows\system32\svchost.exe -k NetworkService -p"
"DCOM Server Process Launcher","C:\Windows\system32\svchost.exe -k DcomLaunch -p"
"dcsvc","C:\Windows\system32\svchost.exe -k netsvcs -p"
"Dell Data Vault Service API","""C:\Program Files\Dell\DellDataVault\DDVCollectorSvcApi.exe"""
"Dell Data Vault Collector","""C:\Program Files\Dell\DellDataVault\DDVDataCollector.exe"""
"Dell Data Vault Processor","""C:\Program Files\Dell\DellDataVault\DDVRulesProcessor.exe"""
"Optimize drives","C:\Windows\system32\svchost.exe -k defragsvc"
"Dell Digital Delivery Services","""C:\Program Files (x86)\Dell Digital Delivery Services\Dell.D3.WinSvc.exe"""
"Dell SupportAssist Remediation","""C:\Program Files\Dell\SARemediation\agent\DellSupportAssistRemedationService.exe"""
"Dell Client Management Service","""C:\Program Files (x86)\Dell\UpdateService\ServiceShell.exe"""
"Dell Pair Service","""C:\Program Files\Dell\Dell Pair\DellPairService.exe"""
"Dell TechHub","""C:\Program Files\Dell\TechHub\Dell.TechHub.exe"""
"Device Association Service","C:\Windows\system32\svchost.exe -k LocalSystemNetworkRestricted -p"
"Device Install Service","C:\Windows\system32\svchost.exe -k DcomLaunch -p"
"DevQuery Background Discovery Broker","C:\Windows\system32\svchost.exe -k LocalSystemNetworkRestricted -p"
"DHCP Client","C:\Windows\system32\svchost.exe -k LocalServiceNetworkRestricted -p"
"Microsoft (R) Diagnostics Hub Standard Collector Service","C:\Windows\system32\DiagSvcs\DiagnosticsHub.StandardCollector.Service.exe"
"Diagnostic Execution Service","C:\Windows\System32\svchost.exe -k diagnostics"
"Connected User Experiences and Telemetry","C:\Windows\System32\svchost.exe -k utcsvc -p"
"Display Policy Service","C:\Windows\system32\svchost.exe -k LocalService -p"
"Display Enhancement Service","C:\Windows\system32\svchost.exe -k LocalSystemNetworkRestricted -p"
"Device Management Enrollment Service","C:\Windows\system32\svchost.exe -k netsvcs -p"
"Device Management Wireless Application Protocol (WAP) Push message Routing Service","C:\Windows\system32\svchost.exe -k netsvcs -p"
"DNS Client","C:\Windows\system32\svchost.exe -k NetworkService -p"
"Delivery Optimization","C:\Windows\System32\svchost.exe -k NetworkService -p"
"Wired AutoConfig","C:\Windows\system32\svchost.exe -k LocalSystemNetworkRestricted -p"
"Diagnostic Policy Service","C:\Windows\System32\svchost.exe -k LocalServiceNoNetwork -p"
"Intel(R) Dynamic Tuning Technology Telemetry Service","""C:\Windows\System32\DriverStore\FileRepository\dtt_sw.inf_amd64_3ea1838906a8645a\ipfsvc.exe"""
"Device Setup Manager","C:\Windows\system32\svchost.exe -k netsvcs -p"
"Data Sharing Service","C:\Windows\System32\svchost.exe -k LocalSystemNetworkRestricted -p"
"Data Usage","C:\Windows\System32\svchost.exe -k LocalServiceNetworkRestricted -p"
"EABackgroundService","C:\Program Files\Electronic Arts\EA Desktop\EA Desktop\EABackgroundService.exe"
"Extensible Authentication Protocol","C:\Windows\System32\svchost.exe -k netsvcs -p"
"Microsoft Edge Update Service (edgeupdate)","""C:\Program Files (x86)\Microsoft\EdgeUpdate\MicrosoftEdgeUpdate.exe"" /svc"
"Microsoft Edge Update Service (edgeupdatem)","""C:\Program Files (x86)\Microsoft\EdgeUpdate\MicrosoftEdgeUpdate.exe"" /medsvc"
"Encrypting File System (EFS)","C:\Windows\System32\lsass.exe"
"Embedded Mode","C:\Windows\System32\svchost.exe -k LocalSystemNetworkRestricted -p"
"Enterprise App Management Service","C:\Windows\system32\svchost.exe -k appmodel -p"
"Windows Event Log","C:\Windows\System32\svchost.exe -k LocalServiceNetworkRestricted -p"
"COM+ Event System","C:\Windows\system32\svchost.exe -k LocalService -p"
"Function Discovery Provider Host","C:\Windows\system32\svchost.exe -k LocalService -p"
"Function Discovery Resource Publication","C:\Windows\system32\svchost.exe -k LocalServiceAndNoImpersonation -p"
"File History Service","C:\Windows\system32\svchost.exe -k LocalSystemNetworkRestricted -p"
"FileSyncHelper","""C:\Program Files\Microsoft OneDrive\23.226.1031.0001\FileSyncHelper.exe"""
"Windows Font Cache Service","C:\Windows\system32\svchost.exe -k LocalService -p"
"Windows Camera Frame Server","C:\Windows\System32\svchost.exe -k Camera"
"Windows Camera Frame Server Monitor","C:\Windows\System32\svchost.exe -k CameraMonitor"
"Fusion Service","""C:\Program Files\Dell\Fusion\FusionService.exe"""
"NVIDIA FrameView SDK service","""C:\Program Files\NVIDIA Corporation\FrameViewSDK\nvfvsdksvc_x64.exe"" -service"
"GameInput Service","""C:\Program Files (x86)\Microsoft GameInput\x64\gameinputsvc.exe"""
"Google Chrome Elevation Service (GoogleChromeElevationService)","""C:\Program Files\Google\Chrome\Application\119.0.6045.125\elevation_service.exe"""
"Group Policy Client","C:\Windows\system32\svchost.exe -k netsvcs -p"
"GraphicsPerfSvc","C:\Windows\System32\svchost.exe -k GraphicsPerfSvcGroup"
"Google Update Service (gupdate)","""C:\Program Files (x86)\Google\Update\GoogleUpdate.exe"" /svc"
"Google Update Service (gupdatem)","""C:\Program Files (x86)\Google\Update\GoogleUpdate.exe"" /medsvc"
"Human Interface Device Service","C:\Windows\system32\svchost.exe -k LocalSystemNetworkRestricted -p"
"Host Network Service","C:\Windows\system32\svchost.exe -k NetSvcs -p"
"HV Host Service","C:\Windows\system32\svchost.exe -k LocalSystemNetworkRestricted -p"
"Windows Mobile Hotspot Service","C:\Windows\system32\svchost.exe -k LocalServiceNetworkRestricted -p"
"Intel(R) Graphics Command Center Service","""C:\Windows\System32\DriverStore\FileRepository\igcc_dch.inf_amd64_07bea76bdbdaf3eb\OneApp.IGCC.WinService.exe"""
"IKE and AuthIP IPsec Keying Modules","C:\Windows\system32\svchost.exe -k netsvcs -p"
"Microsoft Store Install Service","C:\Windows\System32\svchost.exe -k netsvcs -p"
"Intel(R) Platform License Manager Service","C:\Windows\System32\DriverStore\FileRepository\iclsclient.inf_amd64_367008a610747d24\lib\PlatformLicenseManagerService.exe"
"Intel(R) Audio Service","C:\Windows\System32\DriverStore\FileRepository\intcoed.inf_amd64_d297b5bf6052ca3b\\AS\\IAS\\IntelAudioService.exe"
"Inventory and Compatibility Appraisal service","C:\Windows\system32\svchost.exe -k InvSvcGroup -p"
"Intel(R) Innovation Platform Framework Service","""C:\Windows\System32\DriverStore\FileRepository\ipf_cpu.inf_amd64_07e81e065fff923d\ipf_uf.exe"""
"IP Helper","C:\Windows\System32\svchost.exe -k NetSvcs -p"
"IP Translation Configuration Service","C:\Windows\System32\svchost.exe -k LocalSystemNetworkRestricted -p"
"Intel(R) Dynamic Application Loader Host Interface Service","C:\Windows\System32\DriverStore\FileRepository\dal.inf_amd64_64d7fcfcde9b9c10\jhi_service.exe"
"Killer Smart AP Selection Service","C:\Windows\System32\drivers\RivetNetworks\Killer\KAPSService.exe"
"CNG Key Isolation","C:\Windows\system32\lsass.exe"
"Killer Analytics Service","C:\Windows\System32\drivers\RivetNetworks\Killer\KillerAnalyticsService.exe"
"Killer Network Service","C:\Windows\System32\drivers\RivetNetworks\Killer\KillerNetworkService.exe"
"Killer Dynamic Bandwidth Management","C:\Windows\System32\drivers\RivetNetworks\Killer\KNDBWMService.exe"
"KtmRm for Distributed Transaction Coordinator","C:\Windows\System32\svchost.exe -k NetworkServiceAndNoImpersonation -p"
"Server","C:\Windows\system32\svchost.exe -k netsvcs -p"
"Workstation","C:\Windows\System32\svchost.exe -k NetworkService -p"
"Geolocation Service","C:\Windows\system32\svchost.exe -k netsvcs -p"
"Windows License Manager Service","C:\Windows\System32\svchost.exe -k LocalService -p"
"Link-Layer Topology Discovery Mapper","C:\Windows\System32\svchost.exe -k LocalService -p"
"TCP/IP NetBIOS Helper","C:\Windows\System32\svchost.exe -k LocalServiceNetworkRestricted -p"
"Local Session Manager","C:\Windows\system32\svchost.exe -k DcomLaunch -p"
"Language Experience Service","C:\Windows\system32\svchost.exe -k netsvcs"
"Downloaded Maps Manager","C:\Windows\System32\svchost.exe -k NetworkService -p"
"McAfee Framework Host","""\\?\C:\Program Files\McAfee\WPS\1.11.279.1\mc-fw-host.exe"" -service"
"McAfee Software Update","""C:\Program Files\McAfee\WPS\1.11.279.1\mc-update.exe"" /runservice"
"McAfee WebAdvisor","""C:\Program Files\McAfee\WebAdvisor\ServiceHost.exe"""
"McpManagementService","C:\Windows\system32\svchost.exe -k McpManagementServiceGroup"
"Microsoft Edge Elevation Service (MicrosoftEdgeElevationService)","""C:\Program Files (x86)\Microsoft\Edge\Application\119.0.2151.58\elevation_service.exe"""
"Windows Mixed Reality OpenXR Service","C:\Windows\system32\svchost.exe -k LocalSystemNetworkRestricted -p"
"Mozilla Maintenance Service","""C:\Program Files (x86)\Mozilla Maintenance Service\maintenanceservice.exe"""
"Windows Defender Firewall","C:\Windows\system32\svchost.exe -k LocalServiceNoNetworkFirewall -p"
"Distributed Transaction Coordinator","C:\Windows\System32\msdtc.exe"
"Microsoft iSCSI Initiator Service","C:\Windows\system32\svchost.exe -k netsvcs -p"
"Windows Installer","C:\Windows\system32\msiexec.exe /V"
"Natural Authentication","C:\Windows\system32\svchost.exe -k netsvcs -p"
"Network Connectivity Assistant","C:\Windows\System32\svchost.exe -k NetSvcs -p"
"Network Connection Broker","C:\Windows\System32\svchost.exe -k LocalSystemNetworkRestricted -p"
"Network Connected Devices Auto-Setup","C:\Windows\System32\svchost.exe -k LocalServiceNoNetwork -p"
"Netlogon","C:\Windows\system32\lsass.exe"
"Network Connections","C:\Windows\System32\svchost.exe -k LocalSystemNetworkRestricted -p"
"Network List Service","C:\Windows\System32\svchost.exe -k netprofm -p"
"Network Setup Service","C:\Windows\System32\svchost.exe -k netsvcs -p"
"Net.Tcp Port Sharing Service","C:\Windows\Microsoft.NET\Framework64\v4.0.30319\SMSvcHost.exe"
"Microsoft Passport Container","C:\Windows\system32\svchost.exe -k LocalServiceNetworkRestricted -p"
"Microsoft Passport","C:\Windows\system32\svchost.exe -k LocalSystemNetworkRestricted -p"
"Network Location Awareness","C:\Windows\System32\svchost.exe -k netprofm -p"
"Network Store Interface Service","C:\Windows\system32\svchost.exe -k LocalService -p"
"Network Virtualization Service","C:\Windows\system32\svchost.exe -k NetSvcs"
"NVIDIA LocalSystem Container","""C:\Program Files\NVIDIA Corporation\NvContainer\nvcontainer.exe"" -s NvContainerLocalSystem -a -f ""C:\ProgramData\NVIDIA\NvContainerLocalSystem.log"" -l 3 -d ""C:\Program Files\NVIDIA Corporation\NvContainer\plugins\LocalSystem"" -r -p 30000 -st ""C:\Program Files\NVIDIA Corporation\NvContainer\NvContainerTelemetryApi.dll"""
"NVIDIA Display Container LS","C:\Windows\System32\DriverStore\FileRepository\nvdm.inf_amd64_9274dfe714d15c09\Display.NvContainer\NVDisplay.Container.exe -s NVDisplay.ContainerLocalSystem -f C:\ProgramData\NVIDIA\NVDisplay.ContainerLocalSystem.log -l 3 -d C:\Windows\System32\DriverStore\FileRepository\nvdm.inf_amd64_9274dfe714d15c09\Display.NvContainer\plugins\LocalSystem -r -p 30000 -cfg NVDisplay.ContainerLocalSystem\LocalSystem"
"OneDrive Updater Service","""C:\Program Files\Microsoft OneDrive\23.226.1031.0001\OneDriveUpdaterService.exe"""
"Overwolf Updater Windows SCM","""C:\Program Files (x86)\Common Files\Overwolf\OverwolfUpdater.exe"" /RunningFrom SCM"
"Peer Networking Identity Manager","C:\Windows\System32\svchost.exe -k LocalServicePeerNet"
"Peer Networking Grouping","C:\Windows\System32\svchost.exe -k LocalServicePeerNet"
"Program Compatibility Assistant Service","C:\Windows\system32\svchost.exe -k LocalSystemNetworkRestricted -p"
"Windows Perception Simulation Service","C:\Windows\system32\PerceptionSimulation\PerceptionSimulationService.exe"
"Performance Counter DLL Host","C:\Windows\SysWow64\perfhost.exe"
"Phone Service","C:\Windows\system32\svchost.exe -k LocalService -p"
"Intel? PROSet/Wireless Service","""C:\Windows\System32\DriverStore\FileRepository\piecomponent.inf_amd64_45da76e5d6aa50af\Intel_PIE_Service.exe"""
"Performance Logs & Alerts","C:\Windows\System32\svchost.exe -k LocalServiceNoNetwork -p"
"Plug and Play","C:\Windows\system32\svchost.exe -k DcomLaunch -p"
"PNRP Machine Name Publication Service","C:\Windows\System32\svchost.exe -k LocalServicePeerNet"
"Peer Name Resolution Protocol","C:\Windows\System32\svchost.exe -k LocalServicePeerNet"
"IPsec Policy Agent","C:\Windows\system32\svchost.exe -k NetworkServiceNetworkRestricted -p"
"Power","C:\Windows\system32\svchost.exe -k DcomLaunch -p"
"Printer Extensions and Notifications","C:\Windows\system32\svchost.exe -k print"
"User Profile Service","C:\Windows\system32\svchost.exe -k UserProfileService -p"
"Windows PushToInstall Service","C:\Windows\System32\svchost.exe -k netsvcs -p"
"Quality Windows Audio Video Experience","C:\Windows\system32\svchost.exe -k LocalServiceAndNoImpersonation -p"
"Remote Access Auto Connection Manager","C:\Windows\System32\svchost.exe -k netsvcs -p"
"Remote Access Connection Manager","C:\Windows\System32\svchost.exe -k netsvcs"
"Routing and Remote Access","C:\Windows\System32\svchost.exe -k netsvcs"
"Remote Registry","C:\Windows\system32\svchost.exe -k localService -p"
"Retail Demo Service","C:\Windows\System32\svchost.exe -k rdxgroup"
"Radio Management Service","C:\Windows\System32\svchost.exe -k LocalServiceNetworkRestricted"
"RPC Endpoint Mapper","C:\Windows\system32\svchost.exe -k RPCSS -p"
"Remote Procedure Call (RPC) Locator","C:\Windows\system32\locator.exe"
"Remote Procedure Call (RPC)","C:\Windows\system32\svchost.exe -k rpcss -p"
"Intel(R) Storage Middleware Service","C:\Windows\System32\DriverStore\FileRepository\iastorvd.inf_amd64_346bd04e375689ec\RstMwService.exe"
"Realtek Audio Universal Service","""C:\Windows\System32\DriverStore\FileRepository\realtekservice.inf_amd64_c1ed66a4660de9da\RtkAudUService64.exe"""
"Security Accounts Manager","C:\Windows\system32\lsass.exe"
"Smart Card","C:\Windows\system32\svchost.exe -k LocalServiceAndNoImpersonation"
"Smart Card Device Enumeration Service","C:\Windows\system32\svchost.exe -k LocalSystemNetworkRestricted"
"Task Scheduler","C:\Windows\system32\svchost.exe -k netsvcs -p"
"Smart Card Removal Policy","C:\Windows\system32\svchost.exe -k netsvcs"
"Windows Backup","C:\Windows\system32\svchost.exe -k SDRSVC"
"Secondary Logon","C:\Windows\system32\svchost.exe -k netsvcs -p"
"Windows Security Service","C:\Windows\system32\SecurityHealthService.exe"
"Payments and NFC/SE Manager","C:\Windows\system32\svchost.exe -k LocalService -p"
"System Event Notification Service","C:\Windows\system32\svchost.exe -k netsvcs -p"
"Sensor Data Service","C:\Windows\System32\SensorDataService.exe"
"Sensor Service","C:\Windows\system32\svchost.exe -k LocalSystemNetworkRestricted -p"
"Sensor Monitoring Service","C:\Windows\system32\svchost.exe -k LocalServiceAndNoImpersonation -p"
"Remote Desktop Configuration","C:\Windows\System32\svchost.exe -k netsvcs -p"
"Session Detection","C:\Windows\System32\drivers\GoodixSessionService.exe"
"System Guard Runtime Monitor Broker","C:\Windows\system32\Sgrm\SgrmBroker.exe"
"Internet Connection Sharing (ICS)","C:\Windows\System32\svchost.exe -k netsvcs -p"
"Spatial Data Service","C:\Windows\system32\svchost.exe -k LocalService -p"
"Shell Hardware Detection","C:\Windows\System32\svchost.exe -k netsvcs -p"
"Shared PC Account Manager","C:\Windows\System32\svchost.exe -k netsvcs -p"
"Microsoft Storage Spaces SMP","C:\Windows\System32\svchost.exe -k smphost"
"Microsoft Windows SMS Router Service.","C:\Windows\system32\svchost.exe -k LocalServiceNetworkRestricted -p"
"SNMP Trap","C:\Windows\System32\snmptrap.exe"
"Windows Perception Service","C:\Windows\system32\spectrum.exe"
"Print Spooler","C:\Windows\System32\spoolsv.exe"
"Software Protection","C:\Windows\system32\sppsvc.exe"
"SQL Server VSS Writer","""C:\Program Files\Microsoft SQL Server\90\Shared\sqlwriter.exe"""
"SSDP Discovery","C:\Windows\system32\svchost.exe -k LocalServiceAndNoImpersonation -p"
"OpenSSH Authentication Agent","C:\Windows\System32\OpenSSH\ssh-agent.exe"
"Secure Socket Tunneling Protocol Service","C:\Windows\system32\svchost.exe -k LocalService -p"
"State Repository Service","C:\Windows\system32\svchost.exe -k appmodel -p"
"Steam Client Service","""C:\Program Files (x86)\Common Files\Steam\steamservice.exe"" /RunAsService"
"Windows Image Acquisition (WIA)","C:\Windows\system32\svchost.exe -k imgsvc"
"Storage Service","C:\Windows\System32\svchost.exe -k LocalSystemNetworkRestricted -p"
"Dell SupportAssist","""C:\Program Files\Dell\SupportAssistAgent\bin\SupportAssistAgent.exe"""
"Spot Verifier","C:\Windows\system32\svchost.exe -k LocalSystemNetworkRestricted -p"
"Microsoft Software Shadow Copy Provider","C:\Windows\System32\svchost.exe -k swprv"
"SysMain","C:\Windows\system32\svchost.exe -k LocalSystemNetworkRestricted -p"
"System Events Broker","C:\Windows\system32\svchost.exe -k DcomLaunch -p"
"Telephony","C:\Windows\System32\svchost.exe -k NetworkService -p"
"Remote Desktop Services","C:\Windows\System32\svchost.exe -k NetworkService"
"Text Input Management Service","C:\Windows\System32\svchost.exe -k LocalSystemNetworkRestricted -p"
"Themes","C:\Windows\System32\svchost.exe -k netsvcs -p"
"Storage Tiers Management","C:\Windows\system32\TieringEngineService.exe"
"Time Broker","C:\Windows\system32\svchost.exe -k LocalServiceNetworkRestricted -p"
"Web Account Manager","C:\Windows\system32\svchost.exe -k netsvcs -p"
"Distributed Link Tracking Client","C:\Windows\System32\svchost.exe -k LocalSystemNetworkRestricted -p"
"Recommended Troubleshooting Service","C:\Windows\system32\svchost.exe -k netsvcs -p"
"Windows Modules Installer","C:\Windows\servicing\TrustedInstaller.exe"
"Auto Time Zone Updater","C:\Windows\system32\svchost.exe -k LocalService -p"
"Microsoft Update Health Service","""C:\Program Files\Microsoft Update Health Tools\uhssvc.exe"""
"Remote Desktop Services UserMode Port Redirector","C:\Windows\System32\svchost.exe -k LocalSystemNetworkRestricted -p"
"UPnP Device Host","C:\Windows\system32\svchost.exe -k LocalServiceAndNoImpersonation -p"
"User Manager","C:\Windows\system32\svchost.exe -k netsvcs -p"
"Update Orchestrator Service","C:\Windows\system32\svchost.exe -k netsvcs -p"
"Volumetric Audio Compositor Service","C:\Windows\System32\svchost.exe -k LocalServiceNetworkRestricted -p"
"Credential Manager","C:\Windows\system32\lsass.exe"
"Virtual Disk","C:\Windows\System32\vds.exe"
"VMware Authorization Service","""C:\Program Files (x86)\VMware\VMware Player\vmware-authd.exe"""
"Hyper-V Host Compute Service","C:\Windows\system32\vmcompute.exe"
"Hyper-V Guest Service Interface","C:\Windows\system32\svchost.exe -k LocalSystemNetworkRestricted -p"
"Hyper-V Heartbeat Service","C:\Windows\system32\svchost.exe -k ICService -p"
"Hyper-V Data Exchange Service","C:\Windows\system32\svchost.exe -k LocalSystemNetworkRestricted -p"
"Hyper-V Remote Desktop Virtualization Service","C:\Windows\system32\svchost.exe -k ICService -p"
"Hyper-V Guest Shutdown Service","C:\Windows\system32\svchost.exe -k LocalSystemNetworkRestricted -p"
"Hyper-V Time Synchronization Service","C:\Windows\system32\svchost.exe -k LocalServiceNetworkRestricted -p"
"Hyper-V PowerShell Direct Service","C:\Windows\system32\svchost.exe -k LocalSystemNetworkRestricted -p"
"Hyper-V Volume Shadow Copy Requestor","C:\Windows\system32\svchost.exe -k LocalSystemNetworkRestricted -p"
"VMware DHCP Service","C:\Windows\SysWOW64\vmnetdhcp.exe"
"VMware USB Arbitration Service","""C:\Program Files (x86)\Common Files\VMware\USB\vmware-usbarbitrator64.exe"""
"VMware NAT Service","C:\Windows\SysWOW64\vmnat.exe"
"Volume Shadow Copy","C:\Windows\system32\vssvc.exe"
"Visual Studio Standard Collector Service 150","""C:\Program Files (x86)\Microsoft Visual Studio\Shared\Common\DiagnosticsHub.Collection.Service\StandardCollector.Service.exe"""
"Windows Time","C:\Windows\system32\svchost.exe -k LocalService"
"WaaSMedicSvc","C:\Windows\system32\svchost.exe -k wusvcs -p"
"WalletService","C:\Windows\System32\svchost.exe -k appmodel -p"
"Warp JIT Service","C:\Windows\System32\svchost.exe -k LocalServiceNetworkRestricted"
"Waves Audio Universal Services","C:\Windows\System32\DriverStore\FileRepository\wavesapo11de.inf_amd64_d4eabf4492fbb4d5\WavesAudioService.exe"
"Waves Audio Services","C:\Windows\System32\DriverStore\FileRepository\wavesapo11de.inf_amd64_d4eabf4492fbb4d5\WavesSysSvc64.exe"
"Block Level Backup Engine Service","""C:\Windows\system32\wbengine.exe"""
"Windows Biometric Service","C:\Windows\system32\svchost.exe -k WbioSvcGroup"
"Windows Connection Manager","C:\Windows\system32\svchost.exe -k LocalServiceNetworkRestricted -p"
"Windows Connect Now - Config Registrar","C:\Windows\System32\svchost.exe -k LocalServiceAndNoImpersonation -p"
"Diagnostic Service Host","C:\Windows\System32\svchost.exe -k LocalService -p"
"Diagnostic System Host","C:\Windows\System32\svchost.exe -k LocalSystemNetworkRestricted -p"
"Microsoft Defender Antivirus Network Inspection Service","""C:\ProgramData\Microsoft\Windows Defender\Platform\4.18.23100.2009-0\NisSrv.exe"""
"WebClient","C:\Windows\system32\svchost.exe -k LocalService -p"
"Web Threat Defense Service","C:\Windows\system32\svchost.exe -k WebThreatDefense -p"
"Windows Event Collector","C:\Windows\system32\svchost.exe -k NetworkService -p"
"Windows Encryption Provider Host Service","C:\Windows\system32\svchost.exe -k WepHostSvcGroup"
"Problem Reports Control Panel Support","C:\Windows\System32\svchost.exe -k netsvcs -p"
"Windows Error Reporting Service","C:\Windows\System32\svchost.exe -k WerSvcGroup"
"Wi-Fi Direct Services Connection Manager Service","C:\Windows\system32\svchost.exe -k LocalServiceNetworkRestricted -p"
"Still Image Acquisition Events","C:\Windows\system32\svchost.exe -k LocalSystemNetworkRestricted -p"
"Microsoft Defender Antivirus Service","""C:\ProgramData\Microsoft\Windows Defender\Platform\4.18.23100.2009-0\MsMpEng.exe"""
"WinHTTP Web Proxy Auto-Discovery Service","C:\Windows\system32\svchost.exe -k LocalServiceNetworkRestricted -p"
"Windows Management Instrumentation","C:\Windows\system32\svchost.exe -k netsvcs -p"
"Windows Remote Management (WS-Management)","C:\Windows\System32\svchost.exe -k NetworkService -p"
"Windows Insider Service","C:\Windows\system32\svchost.exe -k netsvcs -p"
"WLAN AutoConfig","C:\Windows\system32\svchost.exe -k LocalSystemNetworkRestricted -p"
"Microsoft Account Sign-in Assistant","C:\Windows\system32\svchost.exe -k netsvcs -p"
"Local Profile Assistant Service","C:\Windows\system32\svchost.exe -k LocalServiceNetworkRestricted -p"
"Windows Management Service","C:\Windows\system32\svchost.exe -k netsvcs -p"
"WMI Performance Adapter","C:\Windows\system32\wbem\WmiApSrv.exe"
"Intel(R) Management Engine WMI Provider Registration","C:\Windows\System32\DriverStore\FileRepository\mewmiprov.inf_amd64_f3c201b4c28c14d0\WMIRegistrationService.exe"
"Windows Media Player Network Sharing Service","""C:\Program Files\Windows Media Player\wmpnetwk.exe"""
"Work Folders","C:\Windows\System32\svchost.exe -k LocalService -p"
"Parental Controls","C:\Windows\system32\svchost.exe -k LocalService"
"Portable Device Enumerator Service","C:\Windows\system32\svchost.exe -k LocalSystemNetworkRestricted"
"Windows Push Notifications System Service","C:\Windows\system32\svchost.exe -k netsvcs -p"
"Security Center","C:\Windows\System32\svchost.exe -k LocalServiceNetworkRestricted -p"
"Windows Search","C:\Windows\system32\SearchIndexer.exe /Embedding"
"Windows Update","C:\Windows\system32\svchost.exe -k netsvcs -p"
"WWAN AutoConfig","C:\Windows\system32\svchost.exe -k LocalSystemNetworkRestricted -p"
"Xbox Live Auth Manager","C:\Windows\system32\svchost.exe -k netsvcs -p"
"Xbox Live Game Save","C:\Windows\system32\svchost.exe -k netsvcs -p"
"Xbox Accessory Management Service","C:\Windows\system32\svchost.exe -k netsvcs -p"
"Xbox Live Networking Service","C:\Windows\system32\svchost.exe -k netsvcs -p"
"Agent Activation Runtime_1209ce","C:\Windows\system32\svchost.exe -k AarSvcGroup -p"
"GameDVR and Broadcast User Service_1209ce","C:\Windows\system32\svchost.exe -k BcastDVRUserService"
"Bluetooth User Support Service_1209ce","C:\Windows\system32\svchost.exe -k BthAppGroup -p"
"CaptureService_1209ce","C:\Windows\system32\svchost.exe -k LocalService -p"
"Clipboard User Service_1209ce","C:\Windows\system32\svchost.exe -k ClipboardSvcGroup -p"
"Connected Devices Platform User Service_1209ce","C:\Windows\system32\svchost.exe -k UnistackSvcGroup"
"Cloud Backup and Restore Service_1209ce","C:\Windows\system32\svchost.exe -k UnistackSvcGroup"
"ConsentUX User Service_1209ce","C:\Windows\system32\svchost.exe -k DevicesFlow"
"CredentialEnrollmentManagerUserSvc_1209ce","C:\Windows\system32\CredentialEnrollmentManager.exe"
"DeviceAssociationBroker_1209ce","C:\Windows\system32\svchost.exe -k DevicesFlow -p"
"DevicePicker_1209ce","C:\Windows\system32\svchost.exe -k DevicesFlow"
"DevicesFlow_1209ce","C:\Windows\system32\svchost.exe -k DevicesFlow"
"MessagingService_1209ce","C:\Windows\system32\svchost.exe -k UnistackSvcGroup"
"NPSMSvc_1209ce","C:\Windows\system32\svchost.exe -k LocalService -p"
"Sync Host_1209ce","C:\Windows\system32\svchost.exe -k UnistackSvcGroup"
"P9RdrService_1209ce","C:\Windows\system32\svchost.exe -k P9RdrService -p"
"PenService_1209ce","C:\Windows\system32\svchost.exe -k PenService"
"Contact Data_1209ce","C:\Windows\system32\svchost.exe -k UnistackSvcGroup"
"PrintWorkflow_1209ce","C:\Windows\system32\svchost.exe -k PrintWorkflow"
"Udk User Service_1209ce","C:\Windows\system32\svchost.exe -k UdkSvcGroup"
"User Data Storage_1209ce","C:\Windows\System32\svchost.exe -k UnistackSvcGroup"
"User Data Access_1209ce","C:\Windows\system32\svchost.exe -k UnistackSvcGroup"
"Web Threat Defense User Service_1209ce","C:\Windows\system32\svchost.exe -k LocalSystemNetworkRestricted -p"
"Windows Push Notifications User Service_1209ce","C:\Windows\system32\svchost.exe -k UnistackSvcGroup"
"Gaming Services","""C:\Program Files\WindowsApps\Microsoft.GamingServices_16.83.3001.0_x64__8wekyb3d8bbwe\GamingServicesNet.exe"""
"Gaming Services","""C:\Program Files\WindowsApps\Microsoft.GamingServices_16.83.3001.0_x64__8wekyb3d8bbwe\GamingServices.exe"""
