"PSComputerName","__GENUS","__CLASS","__SUPERCLASS","__DYNASTY","__RELPATH","__PROPERTY_COUNT","__DERIVATION","__SERVER","__NAMESPACE","__PATH","AppDataRoaming","Contacts","Desktop","Documents","Downloads","Favorites","HealthStatus","LastAttemptedProfileDownloadTime","LastAttemptedProfileUploadTime","LastBackgroundRegistryUploadTime","LastDownloadTime","LastUploadTime","LastUseTime","Links","Loaded","LocalPath","Music","Pictures","RefCount","RoamingConfigured","RoamingPath","RoamingPreference","SavedGames","Searches","SID","Special","StartMenu","Status","Videos"
"NIKKI","2","Win32_UserProfile",,"Win32_UserProfile","Win32_UserProfile.SID=""S-1-5-21-1772386596-386115941-3267731625-1001""","29","System.String[]","NIKKI","root\cimv2","\\NIKKI\root\cimv2:Win32_UserProfile.SID=""S-1-5-21-1772386596-386115941-3267731625-1001""","System.Management.ManagementBaseObject","System.Management.ManagementBaseObject","System.Management.ManagementBaseObject","System.Management.ManagementBaseObject","System.Management.ManagementBaseObject","System.Management.ManagementBaseObject","3",,,,,,"20231115143620.095000+000","System.Management.ManagementBaseObject","True","C:\Users\nicol","System.Management.ManagementBaseObject","System.Management.ManagementBaseObject",,"False",,,"System.Management.ManagementBaseObject","System.Management.ManagementBaseObject","S-1-5-21-1772386596-386115941-3267731625-1001","False","System.Management.ManagementBaseObject","0","System.Management.ManagementBaseObject"
"NIKKI","2","Win32_UserProfile",,"Win32_UserProfile","Win32_UserProfile.SID=""S-1-5-20""","29","System.String[]","NIKKI","root\cimv2","\\NIKKI\root\cimv2:Win32_UserProfile.SID=""S-1-5-20""","System.Management.ManagementBaseObject","System.Management.ManagementBaseObject","System.Management.ManagementBaseObject","System.Management.ManagementBaseObject","System.Management.ManagementBaseObject","System.Management.ManagementBaseObject","3",,,,,,"20231115143620.099000+000","System.Management.ManagementBaseObject","True","C:\Windows\ServiceProfiles\NetworkService","System.Management.ManagementBaseObject","System.Management.ManagementBaseObject",,"False",,,"System.Management.ManagementBaseObject","System.Management.ManagementBaseObject","S-1-5-20","True","System.Management.ManagementBaseObject","0","System.Management.ManagementBaseObject"
"NIKKI","2","Win32_UserProfile",,"Win32_UserProfile","Win32_UserProfile.SID=""S-1-5-19""","29","System.String[]","NIKKI","root\cimv2","\\NIKKI\root\cimv2:Win32_UserProfile.SID=""S-1-5-19""","System.Management.ManagementBaseObject","System.Management.ManagementBaseObject","System.Management.ManagementBaseObject","System.Management.ManagementBaseObject","System.Management.ManagementBaseObject","System.Management.ManagementBaseObject","3",,,,,,"20231115143620.103000+000","System.Management.ManagementBaseObject","True","C:\Windows\ServiceProfiles\LocalService","System.Management.ManagementBaseObject","System.Management.ManagementBaseObject",,"False",,,"System.Management.ManagementBaseObject","System.Management.ManagementBaseObject","S-1-5-19","True","System.Management.ManagementBaseObject","0","System.Management.ManagementBaseObject"
"NIKKI","2","Win32_UserProfile",,"Win32_UserProfile","Win32_UserProfile.SID=""S-1-5-18""","29","System.String[]","NIKKI","root\cimv2","\\NIKKI\root\cimv2:Win32_UserProfile.SID=""S-1-5-18""","System.Management.ManagementBaseObject","System.Management.ManagementBaseObject","System.Management.ManagementBaseObject","System.Management.ManagementBaseObject","System.Management.ManagementBaseObject","System.Management.ManagementBaseObject","3",,,,,,"20231115143620.111000+000","System.Management.ManagementBaseObject","True","C:\Windows\system32\config\systemprofile","System.Management.ManagementBaseObject","System.Management.ManagementBaseObject","1","False",,,"System.Management.ManagementBaseObject","System.Management.ManagementBaseObject","S-1-5-18","True","System.Management.ManagementBaseObject","0","System.Management.ManagementBaseObject"
